qualifying_groups_key,appearances,probability
BCDFIJKL,679527,0.0679527
BCDFHIJL,554281,0.0554281
BCDFGIJL,284462,0.0284462
BCDFHJKL,280828,0.0280828
CDFHIJKL,264304,0.0264304
ABCDFIJL,263466,0.0263466
BCDFHIKL,193555,0.0193555
BCFHIJKL,187806,0.0187806
CDFGIJKL,160786,0.0160786
BDFHIJKL,157345,0.0157345
BCDFGJKL,155664,0.0155664
BCDEFIJL,154571,0.0154571
ABCDFJKL,130737,0.0130737
ACDFIJKL,125614,0.0125614
BCDFGHJL,113492,0.0113492
ABCDFHJL,104194,0.0104194
CDFGHIJL,102493,0.0102493
ABCDFHIL,95261,0.0095261
BCDFGHIL,93095,0.0093095
ABCFHIJL,90975,0.0090975
ACDFHIJL,90374,0.0090374
BCFGHIJL,89601,0.0089601
ABCDFIKL,83313,0.0083313
BCDFGIKL,80401,0.0080401
ABCFIJKL,80044,0.0080044
BCFGIJKL,78785,0.0078785
BCDEFJKL,77881,0.0077881
ABDFHIJL,77553,0.0077553
CDFGHJKL,76606,0.0076606
BDFGHIJL,76169,0.0076169
BCFGHIKL,71777,0.0071777
CDEFIJKL,69577,0.0069577
ABDFIJKL,67242,0.0067242
ABCFHIKL,66956,0.0066956
BDFGIJKL,65890,0.006589
BFGHIJKL,65830,0.006583
BCDEFHIL,64889,0.0064889
BCDEFHJL,64646,0.0064646
BCEFHIJL,62553,0.0062553
BDFGHIKL,61535,0.0061535
ABFHIJKL,60059,0.0060059
ABDFHIKL,58457,0.0058457
BCDEFIKL,57874,0.0057874
BCEFIJKL,55773,0.0055773
ACDFHJKL,54345,0.0054345
BDEFHIJL,53790,0.005379
ABCDFGJL,52847,0.0052847
CDEFHIJL,51446,0.0051446
BCEFHIKL,49919,0.0049919
ACDFGIJL,49721,0.0049721
BCFGHJKL,48458,0.0048458
BCDFGHKL,47156,0.0047156
ABCFHJKL,47046,0.0047046
BDEFIJKL,46801,0.0046801
ABCDFHKL,46729,0.0046729
BEFHIJKL,45160,0.004516
BCDHIJKL,44539,0.0044539
BDEFHIKL,42827,0.0042827
BDFGHJKL,40266,0.0040266
ABDFHJKL,40055,0.0040055
ABCDFGIL,39269,0.0039269
ABCFGIJL,37538,0.0037538
BCEFHJKL,35289,0.0035289
BCDEFHKL,34665,0.0034665
ABFGHIKL,33822,0.0033822
ABCFGHIL,33038,0.0033038
ACDFGJKL,32405,0.0032405
ABDFGIJL,32243,0.0032243
CDEFHJKL,31644,0.0031644
BCDEFGJL,30931,0.0030931
ABFGHIJL,29882,0.0029882
BDEFHJKL,29681,0.0029681
ABCDEFJL,29646,0.0029646
ABDFGHIL,28830,0.002883
ABCFGIKL,28550,0.002855
ABCDEFIL,28203,0.0028203
BCDEFGIL,27114,0.0027114
BEFGHIKL,27062,0.0027062
CDEFGIJL,26936,0.0026936
ABCEFIJL,26764,0.0026764
BCEFGIJL,26264,0.0026264
ABFGIJKL,26129,0.0026129
ACDFHIKL,25083,0.0025083
ABDFGIKL,24703,0.0024703
ACDEFIJL,24467,0.0024467
BCEFGHIL,24384,0.0024384
BCDFHIJK,24349,0.0024349
CDFGHIKL,24168,0.0024168
ACFHIJKL,23720,0.002372
CFGHIJKL,23227,0.0023227
ABCFGHKL,23186,0.0023186
ABEFHIKL,23083,0.0023083
ABCEFHIL,22934,0.0022934
ABDEFIJL,22780,0.002278
BEFGHIJL,22553,0.0022553
BDEFGIJL,22264,0.0022264
ABCFGHJL,21968,0.0021968
ABFGHJKL,21864,0.0021864
ABCDHIJL,21850,0.002185
BCDGHIJL,21824,0.0021824
ABCDFGHL,21570,0.002157
BCEFGIKL,21536,0.0021536
BDEFGHIL,20872,0.0020872
ABEFHIJL,20680,0.002068
BCGHIJKL,20488,0.0020488
ABCEFIKL,20309,0.0020309
ABCFGJKL,20263,0.0020263
ABCDFGKL,20114,0.0020114
ADFHIJKL,19912,0.0019912
ABDEFHIL,19881,0.0019881
ABDFGHKL,19789,0.0019789
BCDGHIKL,19746,0.0019746
ACDFGHJL,19468,0.0019468
DFGHIJKL,19449,0.0019449
BEFGIJKL,19266,0.0019266
BCDGIJKL,18963,0.0018963
BCEFGHKL,18883,0.0018883
ABCDIJKL,18873,0.0018873
BDEFGIKL,18592,0.0018592
ABCHIJKL,18563,0.0018563
ABDFGHJL,18479,0.0018479
ABEFIJKL,18429,0.0018429
ABCDHIKL,18053,0.0018053
ABDEFIKL,17902,0.0017902
BEFGHJKL,17869,0.0017869
CDEFGJKL,17862,0.0017862
ABCEFHKL,17361,0.0017361
BDGHIJKL,17358,0.0017358
ABDFGJKL,16939,0.0016939
CDEFHIKL,16799,0.0016799
ABEFHJKL,16563,0.0016563
ABDEFHKL,16370,0.001637
CEFHIJKL,16188,0.0016188
ABCDEFKL,16176,0.0016176
ABCEFJKL,16009,0.0016009
BCEFGHJL,15956,0.0015956
ABCEFHJL,15907,0.0015907
BDEFGHKL,15763,0.0015763
ABCDEFHL,15647,0.0015647
ABDHIJKL,15598,0.0015598
BCDEFGHL,15536,0.0015536
BCDEHIJL,15456,0.0015456
BCEFGJKL,15281,0.0015281
BCDEFGKL,14798,0.0014798
ABDEFJKL,14129,0.0014129
BCEHIJKL,14068,0.0014068
ACDEFJKL,13999,0.0013999
BCDEHIKL,13813,0.0013813
BDEFGHJL,13680,0.001368
BCDGHJKL,13562,0.0013562
BCDEIJKL,13538,0.0013538
DEFHIJKL,13436,0.0013436
ABDEFHJL,13237,0.0013237
BDEFGJKL,12765,0.0012765
ABCDHJKL,12703,0.0012703
ACDFGHIL,12042,0.0012042
BCDFGHIJ,11963,0.0011963
BDEHIJKL,11953,0.0011953
BCFGHIJK,11843,0.0011843
ABCDFHIJ,11719,0.0011719
ACFGHIJL,11513,0.0011513
BCDFGHIK,11231,0.0011231
ABCGHIKL,11165,0.0011165
ABEFGHKL,11088,0.0011088
ABEFGHIL,10997,0.0010997
ABCFHIJK,10760,0.001076
CDEFGHJL,10751,0.0010751
ABCDFHIK,10706,0.0010706
ABGHIJKL,10448,0.0010448
ABEFGIKL,10388,0.0010388
ACDFGIKL,10315,0.0010315
BDFGHIJK,10003,0.0010003
BCDFGIJK,9979,0.0009979
ABCDFIJK,9969,0.0009969
BCDEHJKL,9954,0.0009954
ACFGIJKL,9930,0.000993
ABCEFGIL,9914,0.0009914
ACDEFHJL,9797,0.0009797
ADFGHIJL,9490,0.000949
ABDFHIJK,9395,0.0009395
ABDGHIKL,9209,0.0009209
ABCDGIJL,9036,0.0009036
BCEGHIKL,9021,0.0009021
ABCGHIJL,8995,0.0008995
ABCDGHIL,8957,0.0008957
ABEFGIJL,8822,0.0008822
BEGHIJKL,8656,0.0008656
ABDEFGIL,8457,0.0008457
BCDEFHIJ,8359,0.0008359
ADFGIJKL,8312,0.0008312
ACDEFHIL,8285,0.0008285
BCEFHIJK,8220,0.000822
ACFGHIKL,8121,0.0008121
ABCGIJKL,8107,0.0008107
CDEFGHIL,8080,0.000808
BCDEFHIK,7927,0.0007927
ACEFHIJL,7892,0.0007892
ABCEFGKL,7829,0.0007829
ABCDGIKL,7812,0.0007812
ABCEHIKL,7721,0.0007721
ABDGHIJL,7707,0.0007707
ABCEFGHL,7694,0.0007694
ABCGHJKL,7672,0.0007672
CEFGHIJL,7652,0.0007652
BDEGHIKL,7454,0.0007454
ABEFGJKL,7414,0.0007414
AFGHIJKL,7330,0.000733
ABEHIJKL,7309,0.0007309
ABEFGHJL,7292,0.0007292
ACDEFIKL,7262,0.0007262
ADFGHIKL,7095,0.0007095
ABCDGHKL,7031,0.0007031
CDEFGIKL,6988,0.0006988
ACEFIJKL,6985,0.0006985
BCDEFIJK,6950,0.000695
ABDGIJKL,6903,0.0006903
BCEGHIJL,6857,0.0006857
BDEFHIJK,6848,0.0006848
ABDEFGKL,6774,0.0006774
ABCEFGJL,6763,0.0006763
BCDFGHJK,6752,0.0006752
CEFGIJKL,6733,0.0006733
ADEFHIJL,6726,0.0006726
BCDEGHIL,6634,0.0006634
ABCDFHJK,6617,0.0006617
DEFGHIJL,6552,0.0006552
ABDEFGHL,6541,0.0006541
ABCDEIJL,6536,0.0006536
ABCDEFGL,6519,0.0006519
ABDEHIKL,6460,0.000646
ABDGHJKL,6410,0.000641
BCEGIJKL,6406,0.0006406
BCDEGIJL,6406,0.0006406
BCEGHJKL,6360,0.000636
ABCEHIJL,6286,0.0006286
ABCDEHIL,6170,0.000617
CEFGHIKL,6124,0.0006124
ABCEIJKL,6115,0.0006115
ABCFGHIK,6071,0.0006071
ABCDEIKL,6043,0.0006043
ABCEHJKL,6026,0.0006026
ABCDGHJL,6018,0.0006018
BCDEGIKL,5963,0.0005963
BCDEGHKL,5830,0.000583
DEFGIJKL,5756,0.0005756
ABFGHIJK,5735,0.0005735
ADEFIJKL,5731,0.0005731
ABDEFGJL,5729,0.0005729
BDEGHIJL,5664,0.0005664
ACEFHIKL,5661,0.0005661
ABCDEHKL,5652,0.0005652
ACFGHJKL,5598,0.0005598
ABCDGJKL,5582,0.0005582
ACDFGHKL,5559,0.0005559
CDGHIJKL,5481,0.0005481
ABDEHIJL,5451,0.0005451
EFGHIJKL,5445,0.0005445
ACDHIJKL,5413,0.0005413
ABCDFGHI,5386,0.0005386
BDEGIJKL,5381,0.0005381
ABEGHIKL,5378,0.0005378
ABCFGHIJ,5378,0.0005378
DEFGHIKL,5210,0.000521
BDEGHJKL,5199,0.0005199
AEFHIJKL,5107,0.0005107
ABDEIJKL,5104,0.0005104
ACDEFGJL,5039,0.0005039
ABDEHJKL,4953,0.0004953
ADEFHIKL,4924,0.0004924
BCDEFHJK,4912,0.0004912
ABDFGHIK,4878,0.0004878
ABCDEJKL,4848,0.0004848
ABCDFGIJ,4834,0.0004834
ADFGHJKL,4737,0.0004737
BCEFGHIK,4721,0.0004721
BEFGHIJK,4593,0.0004593
BCDEGJKL,4570,0.000457
ABCFGIJK,4570,0.000457
BCDEGHJL,4542,0.0004542
ABDFGHIJ,4509,0.0004509
ABCDFGIK,4436,0.0004436
ACDEFHKL,4273,0.0004273
ACEFHJKL,4268,0.0004268
ABCDEHJL,4260,0.000426
ABCEFHIK,4162,0.0004162
ABCEGHKL,4093,0.0004093
CEFGHJKL,4076,0.0004076
CDEFGHKL,4058,0.0004058
BDEFGHIK,4043,0.0004043
BCEFGHIJ,4020,0.000402
CDEHIJKL,3914,0.0003914
ABDFGIJK,3901,0.0003901
ABEGHJKL,3898,0.0003898
ABEFHIJK,3854,0.0003854
BCDEFGHI,3852,0.0003852
ABCFGHJK,3802,0.0003802
ABCEGHIL,3707,0.0003707
ABCEGIKL,3656,0.0003656
ABCDEFHI,3650,0.000365
ABCEFHIJ,3613,0.0003613
ADEFHJKL,3597,0.0003597
ABCDEFIJ,3547,0.0003547
DEFGHJKL,3494,0.0003494
ABDEFHIK,3476,0.0003476
BDEFGHIJ,3468,0.0003468
ABCDFGHK,3452,0.0003452
ABEGHIJL,3444,0.0003444
ACDEFGIL,3427,0.0003427
BCEFGIJK,3426,0.0003426
ABEGIJKL,3426,0.0003426
ABDEGHKL,3422,0.0003422
BCDEFGIJ,3324,0.0003324
BCDEFGIK,3306,0.0003306
ABDEFHIJ,3295,0.0003295
ACEFGIJL,3284,0.0003284
ABCEFIJK,3196,0.0003196
ABDEGHIL,3119,0.0003119
ABDFGHJK,3116,0.0003116
ABCDEFIK,3109,0.0003109
BCDGHIJK,3100,0.00031
ABCDFGHJ,3090,0.000309
BCEFGHJK,3029,0.0003029
ABDEGIKL,3021,0.0003021
ACDFHIJK,2939,0.0002939
CDFGHIJK,2934,0.0002934
BDEFGIJK,2903,0.0002903
ABCEFHJK,2879,0.0002879
ADEFGIJL,2828,0.0002828
ACEFGHIL,2801,0.0002801
ABCDHIJK,2794,0.0002794
ABDEFIJK,2788,0.0002788
ABCEGIJL,2748,0.0002748
ACDGHIJL,2719,0.0002719
ABCDFGJK,2702,0.0002702
ABCDEFHK,2680,0.000268
AEFGHIKL,2660,0.000266
BCDEFGHK,2638,0.0002638
ABCEGJKL,2628,0.0002628
ABCDEGIL,2601,0.0002601
ABEFGHIK,2580,0.000258
ABCDEGKL,2567,0.0002567
AEFGHIJL,2496,0.0002496
BDEFGHJK,2492,0.0002492
ADEFGHIL,2481,0.0002481
ABCEGHJL,2465,0.0002465
ABDEFHJK,2449,0.0002449
ACEFGIKL,2368,0.0002368
ACDGIJKL,2310,0.000231
ABDEGJKL,2306,0.0002306
BCDEFGHJ,2302,0.0002302
ACGHIJKL,2276,0.0002276
ABCDEFHJ,2268,0.0002268
ABCDEGHL,2257,0.0002257
ABDEGIJL,2245,0.0002245
ABCDEFJK,2233,0.0002233
AEFGIJKL,2218,0.0002218
ACDGHIKL,2124,0.0002124
ABDEGHJL,2085,0.0002085
BCDEHIJK,2070,0.000207
BCDEFGJK,2064,0.0002064
ADEFGIKL,2056,0.0002056
ABCEFGHI,2034,0.0002034
CDEFHIJK,2001,0.0002001
ACEFGHKL,1977,0.0001977
ABEFGHIJ,1944,0.0001944
ACEFGHJL,1914,0.0001914
ADEFGHKL,1887,0.0001887
ABCDEGJL,1870,0.000187
CDEGHIJL,1850,0.000185
ACDEFGKL,1824,0.0001824
ADGHIJKL,1823,0.0001823
ACDEFGHL,1819,0.0001819
ACDEHIJL,1803,0.0001803
AEFGHJKL,1788,0.0001788
ABCEFGIK,1787,0.0001787
ABCGHIJK,1786,0.0001786
ACEFGJKL,1769,0.0001769
ABCEFGHK,1764,0.0001764
ABEFGHJK,1732,0.0001732
ABDEFGHI,1711,0.0001711
CDEGIJKL,1687,0.0001687
ABCDGHIK,1680,0.000168
ABEFGIJK,1673,0.0001673
CDEGHIKL,1641,0.0001641
ACDEIJKL,1629,0.0001629
ABCEFGIJ,1609,0.0001609
ADEFGHJL,1557,0.0001557
ABDGHIJK,1557,0.0001557
ACEHIJKL,1550,0.000155
CEGHIJKL,1545,0.0001545
ABDEFGHK,1532,0.0001532
ABDEFGIK,1512,0.0001512
ACDEHIKL,1508,0.0001508
ADEFGJKL,1508,0.0001508
ACDGHJKL,1500,0.00015
ABCDEFGI,1481,0.0001481
BCEGHIJK,1471,0.0001471
DEGHIJKL,1438,0.0001438
ACDFGHIJ,1406,0.0001406
ACDFGHIK,1362,0.0001362
ABDEFGIJ,1348,0.0001348
ABCDGHIJ,1340,0.000134
BCDEGHIK,1330,0.000133
ADEHIJKL,1277,0.0001277
ABCEHIJK,1273,0.0001273
ACFGHIJK,1270,0.000127
ABCEFGHJ,1248,0.0001248
ABCDEFGH,1230,0.000123
BDEGHIJK,1221,0.0001221
ABCDGIJK,1199,0.0001199
ABCEFGJK,1199,0.0001199
ACDFGIJK,1174,0.0001174
ABCDEFGK,1173,0.0001173
ABCDEHIK,1162,0.0001162
ABCDGHJK,1160,0.000116
ACDEHJKL,1107,0.0001107
CDEGHJKL,1100,0.00011
ADFGHIJK,1088,0.0001088
ABDEFGJK,1059,0.0001059
BCDEGHIJ,1057,0.0001057
ABDEHIJK,1022,0.0001022
ABDEFGHJ,1018,0.0001018
CDEFGHIJ,1003,0.0001003
ACDEFHIJ,990,9.9e-05
ABCDEHIJ,989,9.89e-05
CEFGHIJK,975,9.75e-05
BCDEGHJK,975,9.75e-05
ABCDEFGJ,974,9.74e-05
ACEFHIJK,949,9.49e-05
BCDEGIJK,922,9.22e-05
CDEFGHIK,921,9.21e-05
ACEGHIKL,915,9.15e-05
DEFGHIJK,914,9.14e-05
AEGHIJKL,890,8.9e-05
ACDEFHIK,883,8.83e-05
ABCDEIJK,874,8.74e-05
ABCEGHIK,868,8.68e-05
ABEGHIJK,858,8.58e-05
ACDEFIJK,849,8.49e-05
ABCDEHJK,837,8.37e-05
CDEFGIJK,827,8.27e-05
ADEFHIJK,811,8.11e-05
ACDFGHJK,810,8.1e-05
ACDEGHIL,790,7.9e-05
ACDEGIJL,769,7.69e-05
ADEGHIKL,752,7.52e-05
ACEGHIJL,747,7.47e-05
ABDEGHIK,705,7.05e-05
ACDEGIKL,675,6.75e-05
ACEGIJKL,675,6.75e-05
ADEGHIJL,661,6.61e-05
ACEGHJKL,652,6.52e-05
ABCEGHIJ,612,6.12e-05
ACDEFHJK,597,5.97e-05
ABCEGHJK,589,5.89e-05
ACDEGHKL,587,5.87e-05
CDEFGHJK,570,5.7e-05
ABCDEGHK,559,5.59e-05
ABCEGIJK,551,5.51e-05
ABCDEGHI,550,5.5e-05
ADEGIJKL,538,5.38e-05
ABDEGHJK,527,5.27e-05
ABCDEGIK,517,5.17e-05
ABDEGHIJ,516,5.16e-05
ACEFGHIJ,508,5.08e-05
ACDEGHJL,503,5.03e-05
AEFGHIJK,502,5.02e-05
ACDEGJKL,491,4.91e-05
ACEFGHIK,490,4.9e-05
ADEGHJKL,490,4.9e-05
ABDEGIJK,478,4.78e-05
ACDEFGHI,447,4.47e-05
ACDEFGIJ,435,4.35e-05
ADEFGHIK,417,4.17e-05
ABCDEGIJ,414,4.14e-05
ACDEFGIK,404,4.04e-05
ACEFGIJK,399,3.99e-05
ADEFGHIJ,396,3.96e-05
ABCDEGJK,386,3.86e-05
ACDGHIJK,341,3.41e-05
ABCDEGHJ,338,3.38e-05
ACEFGHJK,336,3.36e-05
ACDEFGHK,332,3.32e-05
ADEFGIJK,327,3.27e-05
ACDEFGHJ,279,2.79e-05
ADEFGHJK,265,2.65e-05
CDEGHIJK,258,2.58e-05
ACDEFGJK,252,2.52e-05
ACDEHIJK,234,2.34e-05
ACDEGHIK,147,1.47e-05
ACEGHIJK,137,1.37e-05
ADEGHIJK,134,1.34e-05
ACDEGHIJ,125,1.25e-05
ACDEGIJK,100,1e-05
ACDEGHJK,77,7.7e-06
