team,round_of_32_probability,round_of_32_probability_pct,round_of_16_probability,round_of_16_probability_pct,quarter_final_probability,quarter_final_probability_pct,semi_final_probability,semi_final_probability_pct,final_probability,final_probability_pct,champion_probability,champion_probability_pct
France,0.99623,99.62%,0.83962,83.96%,0.6523,65.23%,0.42455,42.45%,0.29614,29.61%,0.18411,18.41%
Spain,1.0,100.00%,0.85229,85.23%,0.59106,59.11%,0.4209,42.09%,0.27078,27.08%,0.15544,15.54%
England,0.99651,99.65%,0.80842,80.84%,0.63231,63.23%,0.35191,35.19%,0.23116,23.12%,0.13365,13.36%
Argentina,0.99569,99.57%,0.78615,78.61%,0.54603,54.60%,0.37142,37.14%,0.21907,21.91%,0.11943,11.94%
Portugal,0.9354,93.54%,0.70621,70.62%,0.4616,46.16%,0.26302,26.30%,0.14554,14.55%,0.07238,7.24%
Brazil,1.0,100.00%,0.81372,81.37%,0.46472,46.47%,0.28258,28.26%,0.14662,14.66%,0.07031,7.03%
Germany,1.0,100.00%,0.79452,79.45%,0.48047,48.05%,0.31213,31.21%,0.13898,13.90%,0.06628,6.63%
Netherlands,1.0,100.00%,0.74333,74.33%,0.43239,43.24%,0.27082,27.08%,0.11663,11.66%,0.05436,5.44%
Morocco,0.99999,100.00%,0.78464,78.46%,0.45188,45.19%,0.20551,20.55%,0.08334,8.33%,0.03081,3.08%
USA,1.0,100.00%,0.54102,54.10%,0.37601,37.60%,0.16909,16.91%,0.06042,6.04%,0.02332,2.33%
Colombia,0.98964,98.96%,0.61573,61.57%,0.29891,29.89%,0.12645,12.65%,0.04667,4.67%,0.01602,1.60%
Norway,0.98742,98.74%,0.60879,60.88%,0.22615,22.61%,0.09625,9.62%,0.04285,4.29%,0.01584,1.58%
Japan,1.0,100.00%,0.48792,48.79%,0.26994,26.99%,0.1138,11.38%,0.0402,4.02%,0.0145,1.45%
Belgium,0.92756,92.76%,0.39607,39.61%,0.19294,19.29%,0.08097,8.10%,0.02945,2.94%,0.00998,1.00%
Mexico,1.0,100.00%,0.69042,69.04%,0.2259,22.59%,0.07256,7.26%,0.02909,2.91%,0.00968,0.97%
Switzerland,1.0,100.00%,0.66378,66.38%,0.26115,26.11%,0.08561,8.56%,0.02311,2.31%,0.00645,0.65%
Canada,1.0,100.00%,0.60531,60.53%,0.21643,21.64%,0.06101,6.10%,0.01546,1.55%,0.0037,0.37%
Croatia,0.80396,80.40%,0.32075,32.07%,0.14765,14.77%,0.04062,4.06%,0.01151,1.15%,0.00298,0.30%
Austria,0.95412,95.41%,0.46846,46.85%,0.17629,17.63%,0.04682,4.68%,0.01104,1.10%,0.00266,0.27%
Senegal,0.74005,74.00%,0.2739,27.39%,0.07547,7.55%,0.02301,2.30%,0.00648,0.65%,0.00159,0.16%
Ivory Coast,0.98018,98.02%,0.31127,31.13%,0.06875,6.88%,0.01819,1.82%,0.00521,0.52%,0.00117,0.12%
Sweden,0.93615,93.62%,0.21581,21.58%,0.07533,7.53%,0.01899,1.90%,0.00443,0.44%,0.00088,0.09%
Egypt,0.99999,100.00%,0.35439,35.44%,0.11023,11.02%,0.02391,2.39%,0.00504,0.50%,0.00088,0.09%
Australia,0.93824,93.82%,0.2552,25.52%,0.06469,6.47%,0.02009,2.01%,0.00422,0.42%,0.00079,0.08%
Uruguay,0.40121,40.12%,0.17673,17.67%,0.05876,5.88%,0.01641,1.64%,0.00353,0.35%,0.00075,0.07%
Scotland,0.80875,80.88%,0.18154,18.15%,0.05306,5.31%,0.01232,1.23%,0.00222,0.22%,0.00046,0.05%
South Korea,0.93422,93.42%,0.30455,30.45%,0.07165,7.17%,0.01482,1.48%,0.00247,0.25%,0.00042,0.04%
Ghana,0.7588,75.88%,0.19559,19.56%,0.05237,5.24%,0.00966,0.97%,0.00145,0.14%,0.00022,0.02%
Paraguay,0.87683,87.68%,0.18716,18.72%,0.03784,3.78%,0.00868,0.87%,0.0014,0.14%,0.00018,0.02%
Algeria,0.63069,63.07%,0.19689,19.69%,0.04824,4.82%,0.00804,0.80%,0.00125,0.12%,0.00017,0.02%
Ecuador,0.27633,27.63%,0.07367,7.37%,0.01702,1.70%,0.00378,0.38%,0.00082,0.08%,0.00015,0.01%
Iran,0.60497,60.50%,0.1238,12.38%,0.02672,2.67%,0.00473,0.47%,0.0007,0.07%,0.00014,0.01%
Cape Verde,0.68021,68.02%,0.12713,12.71%,0.03196,3.20%,0.00451,0.45%,0.00057,0.06%,9e-05,0.01%
DR Congo,0.60433,60.43%,0.13044,13.04%,0.0348,3.48%,0.00505,0.51%,0.00081,0.08%,6e-05,0.01%
Bosnia & Herzegovina,0.6632,66.32%,0.10406,10.41%,0.01693,1.69%,0.00404,0.40%,0.0005,0.05%,4e-05,0.00%
Czechia,0.28231,28.23%,0.04533,4.53%,0.00877,0.88%,0.0018,0.18%,0.00027,0.03%,4e-05,0.00%
Saudi Arabia,0.32962,32.96%,0.0588,5.88%,0.015,1.50%,0.00216,0.22%,0.0002,0.02%,3e-05,0.00%
Uzbekistan,0.20844,20.84%,0.02989,2.99%,0.00712,0.71%,0.00086,0.09%,8e-05,0.01%,2e-05,0.00%
Iraq,0.05288,5.29%,0.00718,0.72%,0.00124,0.12%,0.00018,0.02%,3e-05,0.00%,1e-05,0.00%
Jordan,0.12139,12.14%,0.02599,2.60%,0.00509,0.51%,0.00059,0.06%,5e-05,0.01%,1e-05,0.00%
South Africa,0.18002,18.00%,0.0359,3.59%,0.00529,0.53%,0.00072,0.07%,4e-05,0.00%,0.0,0.00%
Panama,0.13791,13.79%,0.02544,2.54%,0.00493,0.49%,0.00068,0.07%,0.00011,0.01%,0.0,0.00%
Haiti,0.0,0.00%,0.0,0.00%,0.0,0.00%,0.0,0.00%,0.0,0.00%,0.0,0.00%
Qatar,0.14163,14.16%,0.01487,1.49%,0.00208,0.21%,0.00035,0.03%,4e-05,0.00%,0.0,0.00%
Curaçao,0.05124,5.12%,0.00778,0.78%,0.00077,0.08%,9e-05,0.01%,0.0,0.00%,0.0,0.00%
Tunisia,0.0,0.00%,0.0,0.00%,0.0,0.00%,0.0,0.00%,0.0,0.00%,0.0,0.00%
Türkiye,0.0,0.00%,0.0,0.00%,0.0,0.00%,0.0,0.00%,0.0,0.00%,0.0,0.00%
New Zealand,0.07389,7.39%,0.00954,0.95%,0.00176,0.18%,0.00032,0.03%,2e-05,0.00%,0.0,0.00%
