match_id,commence_time,team,opponent,team_xg,opponent_xg
c54f00b11925751d2b62988775c6c239,2026-06-15T16:00:00Z,Cape Verde,Spain,0.49299270239098714,3.280413083471921
c54f00b11925751d2b62988775c6c239,2026-06-15T16:00:00Z,Spain,Cape Verde,3.280413083471921,0.49299270239098714
fbfb95c62003fd6d828b309f96ee1f9b,2026-06-15T19:00:00Z,Belgium,Egypt,1.7805629041885647,0.8235257732451837
fbfb95c62003fd6d828b309f96ee1f9b,2026-06-15T19:00:00Z,Egypt,Belgium,0.8235257732451837,1.7805629041885647
64b91c5f2db61c7358a4f05459e83c52,2026-06-15T22:00:00Z,Saudi Arabia,Uruguay,0.6416305846664836,1.8290453543744156
64b91c5f2db61c7358a4f05459e83c52,2026-06-15T22:00:00Z,Uruguay,Saudi Arabia,1.8290453543744156,0.6416305846664836
ec51b9c44ad5e34552f3ab53f7262813,2026-06-16T01:00:00Z,Iran,New Zealand,1.4114170647511046,0.8172631705929367
ec51b9c44ad5e34552f3ab53f7262813,2026-06-16T01:00:00Z,New Zealand,Iran,0.8172631705929367,1.4114170647511046
73a4fcd14cc9766b9b9bfd50b8ca153a,2026-06-16T19:00:00Z,France,Senegal,1.9248228330559258,0.7482306549422804
73a4fcd14cc9766b9b9bfd50b8ca153a,2026-06-16T19:00:00Z,Senegal,France,0.7482306549422804,1.9248228330559258
4d4f2b9b78182b557d4fbf8dcf4f4af2,2026-06-16T22:00:00Z,Iraq,Norway,0.5899197388090728,2.5787960445677336
4d4f2b9b78182b557d4fbf8dcf4f4af2,2026-06-16T22:00:00Z,Norway,Iraq,2.5787960445677336,0.5899197388090728
f31b2ee9e1cc6f7e641467f8237eaa21,2026-06-17T01:00:00Z,Algeria,Argentina,0.6395613581668729,1.9671951738687863
f31b2ee9e1cc6f7e641467f8237eaa21,2026-06-17T01:00:00Z,Argentina,Algeria,1.9671951738687863,0.6395613581668729
25161cf6cf0cd9be17ae2e7e224a1f45,2026-06-17T04:00:00Z,Austria,Jordan,2.262526270279571,0.7489182631303969
25161cf6cf0cd9be17ae2e7e224a1f45,2026-06-17T04:00:00Z,Jordan,Austria,0.7489182631303969,2.262526270279571
6cc871c121a1869b4612d3fb22fa9d55,2026-06-17T17:00:00Z,DR Congo,Portugal,0.6468072772707966,2.2713420081793614
6cc871c121a1869b4612d3fb22fa9d55,2026-06-17T17:00:00Z,Portugal,DR Congo,2.2713420081793614,0.6468072772707966
689096c8cd7e2753b9fec95321943c5d,2026-06-17T20:00:00Z,Croatia,England,0.8515700231345094,1.6342961725272642
689096c8cd7e2753b9fec95321943c5d,2026-06-17T20:00:00Z,England,Croatia,1.6342961725272642,0.8515700231345094
87afdb85c977b451e1c00f5e3e632601,2026-06-17T23:00:00Z,Ghana,Panama,1.3449360516419084,1.008492540985468
87afdb85c977b451e1c00f5e3e632601,2026-06-17T23:00:00Z,Panama,Ghana,1.008492540985468,1.3449360516419084
22083e7a8e5362c711bc05c1e1319a1f,2026-06-18T02:00:00Z,Colombia,Uzbekistan,1.972770814574736,0.6410458145147705
22083e7a8e5362c711bc05c1e1319a1f,2026-06-18T02:00:00Z,Uzbekistan,Colombia,0.6410458145147705,1.972770814574736
66ebb9e3f949caded535d97ce686ca09,2026-06-18T16:00:00Z,Czechia,South Africa,1.5905884314996668,0.8799403682094131
66ebb9e3f949caded535d97ce686ca09,2026-06-18T16:00:00Z,South Africa,Czechia,0.8799403682094131,1.5905884314996668
289bc2e9f5adad8ae4d9a75a7c5461ad,2026-06-18T19:00:00Z,Bosnia & Herzegovina,Switzerland,0.7565518609196354,1.7146777584757418
289bc2e9f5adad8ae4d9a75a7c5461ad,2026-06-18T19:00:00Z,Switzerland,Bosnia & Herzegovina,1.7146777584757418,0.7565518609196354
fa9502285b257b03e62968d50d9229fc,2026-06-18T22:00:00Z,Canada,Qatar,2.249961559594719,0.5914119699506004
fa9502285b257b03e62968d50d9229fc,2026-06-18T22:00:00Z,Qatar,Canada,0.5914119699506004,2.249961559594719
0f2aeae6ac8e77223848d23a4ca86b0d,2026-06-19T01:00:00Z,Mexico,South Korea,1.404024335167774,0.9003376309801883
0f2aeae6ac8e77223848d23a4ca86b0d,2026-06-19T01:00:00Z,South Korea,Mexico,0.9003376309801883,1.404024335167774
065b3573e875f8d23803357f73e5b99e,2026-06-19T19:00:00Z,Australia,USA,0.86899891784289,1.7871190865132172
065b3573e875f8d23803357f73e5b99e,2026-06-19T19:00:00Z,USA,Australia,1.7871190865132172,0.86899891784289
4cd769aa7bae0ad9762bd69b80ef2903,2026-06-19T22:00:00Z,Morocco,Scotland,1.5685342739341415,0.8260670516627462
4cd769aa7bae0ad9762bd69b80ef2903,2026-06-19T22:00:00Z,Scotland,Morocco,0.8260670516627462,1.5685342739341415
ef0f74a991d3e35798ae5af77667bce1,2026-06-20T01:00:00Z,Brazil,Haiti,3.0702516787467986,0.5843413672262611
ef0f74a991d3e35798ae5af77667bce1,2026-06-20T01:00:00Z,Haiti,Brazil,0.5843413672262611,3.0702516787467986
f955d4b3395ce6e3b5ac1031ca52ca4e,2026-06-20T03:00:00Z,Paraguay,Türkiye,0.9733955258329481,1.4184449888783097
f955d4b3395ce6e3b5ac1031ca52ca4e,2026-06-20T03:00:00Z,Türkiye,Paraguay,1.4184449888783097,0.9733955258329481
4f0c518545b0096c68326daf25bffc1e,2026-06-20T17:00:00Z,Netherlands,Sweden,1.7665608479888377,0.9348500530150033
4f0c518545b0096c68326daf25bffc1e,2026-06-20T17:00:00Z,Sweden,Netherlands,0.9348500530150033,1.7665608479888377
f1ab0f69832972a329243522ceaa7804,2026-06-20T20:00:00Z,Germany,Ivory Coast,1.9495470678347688,0.9147350439329505
f1ab0f69832972a329243522ceaa7804,2026-06-20T20:00:00Z,Ivory Coast,Germany,0.9147350439329505,1.9495470678347688
681895f294b670b4c7b14495dfb583bc,2026-06-21T00:00:00Z,Curaçao,Ecuador,0.45731727446445564,2.828465862911698
681895f294b670b4c7b14495dfb583bc,2026-06-21T00:00:00Z,Ecuador,Curaçao,2.828465862911698,0.45731727446445564
dfc5202cf1b8ae002cf952cd04f235b9,2026-06-21T04:00:00Z,Japan,Tunisia,1.774344339596927,0.7057083805801057
dfc5202cf1b8ae002cf952cd04f235b9,2026-06-21T04:00:00Z,Tunisia,Japan,0.7057083805801057,1.774344339596927
73529a242e319a86bf3d00ddb4accc37,2026-06-21T16:00:00Z,Saudi Arabia,Spain,0.4621644751185227,2.835665623397193
73529a242e319a86bf3d00ddb4accc37,2026-06-21T16:00:00Z,Spain,Saudi Arabia,2.835665623397193,0.4621644751185227
5f92f257386ec5bf7c6e2498a21f3a61,2026-06-21T19:00:00Z,Belgium,Iran,2.0265256757553813,0.700467413361232
5f92f257386ec5bf7c6e2498a21f3a61,2026-06-21T19:00:00Z,Iran,Belgium,0.700467413361232,2.0265256757553813
852a3abe6d46820720febc0fedebff9a,2026-06-21T22:00:00Z,Cape Verde,Uruguay,0.7200389574310962,1.9537230893383366
852a3abe6d46820720febc0fedebff9a,2026-06-21T22:00:00Z,Uruguay,Cape Verde,1.9537230893383366,0.7200389574310962
c1ec9a65f4b4cf74477b368a7d6282de,2026-06-22T01:00:00Z,Egypt,New Zealand,1.5739381134615467,0.836431388272306
c1ec9a65f4b4cf74477b368a7d6282de,2026-06-22T01:00:00Z,New Zealand,Egypt,0.836431388272306,1.5739381134615467
be6c63f416c67bca1300a98f5b89c3af,2026-06-22T17:00:00Z,Argentina,Austria,1.7688595888426402,0.859679343418171
be6c63f416c67bca1300a98f5b89c3af,2026-06-22T17:00:00Z,Austria,Argentina,0.859679343418171,1.7688595888426402
7ad7a0ce2ef2618bb59b066da5642f70,2026-06-22T21:00:00Z,France,Iraq,2.8237955824616323,0.48233040179377934
7ad7a0ce2ef2618bb59b066da5642f70,2026-06-22T21:00:00Z,Iraq,France,0.48233040179377934,2.8237955824616323
3f48473742ca0fd2a85930554720c75e,2026-06-23T00:00:00Z,Norway,Senegal,1.474027400250325,1.1261821446903646
3f48473742ca0fd2a85930554720c75e,2026-06-23T00:00:00Z,Senegal,Norway,1.1261821446903646,1.474027400250325
fd8533b650e655030f6a7946f8795db2,2026-06-23T03:00:00Z,Algeria,Jordan,1.8861516489124945,0.782309860071112
fd8533b650e655030f6a7946f8795db2,2026-06-23T03:00:00Z,Jordan,Algeria,0.782309860071112,1.8861516489124945
8ba93d190f1f934e33862a97a6353a6e,2026-06-23T17:00:00Z,Portugal,Uzbekistan,2.416213245933611,0.672495652760575
8ba93d190f1f934e33862a97a6353a6e,2026-06-23T17:00:00Z,Uzbekistan,Portugal,0.672495652760575,2.416213245933611
2f49dd8deae3079dc4eb2d634d18a99c,2026-06-23T20:00:00Z,England,Ghana,2.211736596924763,0.7030898222822937
2f49dd8deae3079dc4eb2d634d18a99c,2026-06-23T20:00:00Z,Ghana,England,0.7030898222822937,2.211736596924763
c1bc8c26480cd42b89a0de5329581314,2026-06-23T23:00:00Z,Croatia,Panama,1.7954167995713959,0.7667765308486647
c1bc8c26480cd42b89a0de5329581314,2026-06-23T23:00:00Z,Panama,Croatia,0.7667765308486647,1.7954167995713959
68bfc965eb267508e04d8e8d75c1a0ae,2026-06-24T02:00:00Z,Colombia,DR Congo,1.8131138815917824,0.6628821020471228
68bfc965eb267508e04d8e8d75c1a0ae,2026-06-24T02:00:00Z,DR Congo,Colombia,0.6628821020471228,1.8131138815917824
512ac18beb5aa936a59f7ea3e497ada2,2026-06-24T19:00:00Z,Bosnia & Herzegovina,Qatar,1.7750348446541881,0.7680082520691935
c9ef5822ee64fd5275f7c73251bb56c7,2026-06-24T19:00:00Z,Canada,Switzerland,1.0446935838943254,1.4060180299401608
512ac18beb5aa936a59f7ea3e497ada2,2026-06-24T19:00:00Z,Qatar,Bosnia & Herzegovina,0.7680082520691935,1.7750348446541881
c9ef5822ee64fd5275f7c73251bb56c7,2026-06-24T19:00:00Z,Switzerland,Canada,1.4060180299401608,1.0446935838943254
885ba95805db310a7bcc3fb1a7a6dd28,2026-06-24T22:00:00Z,Brazil,Scotland,2.0081647171037518,0.7643261829854601
d1279ce7f33136a33e99ad442fc855e8,2026-06-24T22:00:00Z,Haiti,Morocco,0.6977810917446629,2.30653191446807
d1279ce7f33136a33e99ad442fc855e8,2026-06-24T22:00:00Z,Morocco,Haiti,2.30653191446807,0.6977810917446629
885ba95805db310a7bcc3fb1a7a6dd28,2026-06-24T22:00:00Z,Scotland,Brazil,0.7643261829854601,2.0081647171037518
5993bd5196ca09f83990f0c3261e442e,2026-06-25T01:00:00Z,Czechia,Mexico,0.9017902904753222,1.5733577774125158
5993bd5196ca09f83990f0c3261e442e,2026-06-25T01:00:00Z,Mexico,Czechia,1.5733577774125158,0.9017902904753222
c0355dfc6e26ec327e379b6ef5824a5f,2026-06-25T01:00:00Z,South Africa,South Korea,0.8301325937898802,1.7691660106515308
c0355dfc6e26ec327e379b6ef5824a5f,2026-06-25T01:00:00Z,South Korea,South Africa,1.7691660106515308,0.8301325937898802
a5a0b544a984ab16e564264f3e859b43,2026-06-25T20:00:00Z,Curaçao,Ivory Coast,0.5979977929374493,2.6500164574090017
0ec28b84ec399bd4dffbe8d1bc72b3c4,2026-06-25T20:00:00Z,Ecuador,Germany,0.9536175845156936,1.7264238464410178
0ec28b84ec399bd4dffbe8d1bc72b3c4,2026-06-25T20:00:00Z,Germany,Ecuador,1.7264238464410178,0.9536175845156936
a5a0b544a984ab16e564264f3e859b43,2026-06-25T20:00:00Z,Ivory Coast,Curaçao,2.6500164574090017,0.5979977929374493
0ed0233bddc4eafc8507f86a9c17b998,2026-06-25T23:00:00Z,Japan,Sweden,1.4172280469095935,1.0368490749982373
f3c4657daa143a0c5bd62cb370d01ce4,2026-06-25T23:00:00Z,Netherlands,Tunisia,2.201859239776997,0.7576691165754421
0ed0233bddc4eafc8507f86a9c17b998,2026-06-25T23:00:00Z,Sweden,Japan,1.0368490749982373,1.4172280469095935
f3c4657daa143a0c5bd62cb370d01ce4,2026-06-25T23:00:00Z,Tunisia,Netherlands,0.7576691165754421,2.201859239776997
22f6ac06dfcc88a847920f62633e6459,2026-06-26T02:00:00Z,Australia,Paraguay,1.006965269451595,1.3344166058622318
22f6ac06dfcc88a847920f62633e6459,2026-06-26T02:00:00Z,Paraguay,Australia,1.3344166058622318,1.006965269451595
f41aeac9a8343a84b4950f15ea25fba2,2026-06-26T02:00:00Z,Türkiye,USA,1.308136768973425,1.4054597445378192
f41aeac9a8343a84b4950f15ea25fba2,2026-06-26T02:00:00Z,USA,Türkiye,1.4054597445378192,1.308136768973425
b86b4d60f773e9e3c46c00e9a6496e79,2026-06-26T19:00:00Z,France,Norway,1.6259486836643795,0.9789837489979765
7e6aee294ea1a4792c59558791084528,2026-06-26T19:00:00Z,Iraq,Senegal,0.6974146225189033,1.9651564511534536
b86b4d60f773e9e3c46c00e9a6496e79,2026-06-26T19:00:00Z,Norway,France,0.9789837489979765,1.6259486836643795
7e6aee294ea1a4792c59558791084528,2026-06-26T19:00:00Z,Senegal,Iraq,1.9651564511534536,0.6974146225189033
e07b1926be5a4d515c7eb108dbcee9c5,2026-06-27T00:00:00Z,Cape Verde,Saudi Arabia,1.2650555175888962,1.2027311083950445
e07b1926be5a4d515c7eb108dbcee9c5,2026-06-27T00:00:00Z,Saudi Arabia,Cape Verde,1.2027311083950445,1.2650555175888962
dcff2e31c0bce001a4db5caaf4fa8822,2026-06-27T00:00:00Z,Spain,Uruguay,1.7794259000039678,0.8943210059323705
dcff2e31c0bce001a4db5caaf4fa8822,2026-06-27T00:00:00Z,Uruguay,Spain,0.8943210059323705,1.7794259000039678
581691da05dcd75b5c6d3be91ee9d2ab,2026-06-27T03:00:00Z,Belgium,New Zealand,2.258684111578216,0.6772032315715059
3e3b5fa2b3c963e74cf044c60db0b573,2026-06-27T03:00:00Z,Egypt,Iran,1.220402496263118,0.9172551434216717
3e3b5fa2b3c963e74cf044c60db0b573,2026-06-27T03:00:00Z,Iran,Egypt,0.9172551434216717,1.220402496263118
581691da05dcd75b5c6d3be91ee9d2ab,2026-06-27T03:00:00Z,New Zealand,Belgium,0.6772032315715059,2.258684111578216
537c0997cd899394f47f16545b7068b2,2026-06-27T21:00:00Z,Croatia,Ghana,1.672988759732003,0.8140647135191986
4be17c8e1ccfecb0f2a5ef79e045c415,2026-06-27T21:00:00Z,England,Panama,2.3444351188129366,0.6858505363351847
537c0997cd899394f47f16545b7068b2,2026-06-27T21:00:00Z,Ghana,Croatia,0.8140647135191986,1.672988759732003
4be17c8e1ccfecb0f2a5ef79e045c415,2026-06-27T21:00:00Z,Panama,England,0.6858505363351847,2.3444351188129366
67ae5751c401a98409b8566ae4897069,2026-06-27T23:30:00Z,Colombia,Portugal,1.0539813491019534,1.417646799485698
13eab94a136b9c264ba974cf437a5f71,2026-06-27T23:30:00Z,DR Congo,Uzbekistan,1.2736451152771786,1.0712943183455188
67ae5751c401a98409b8566ae4897069,2026-06-27T23:30:00Z,Portugal,Colombia,1.417646799485698,1.0539813491019534
13eab94a136b9c264ba974cf437a5f71,2026-06-27T23:30:00Z,Uzbekistan,DR Congo,1.0712943183455188,1.2736451152771786
8756200e539155e571557c4f2e0d7f05,2026-06-28T02:00:00Z,Algeria,Austria,1.0292101842587211,1.37400474442714
54697f453437ab26276d773be1d72e9b,2026-06-28T02:00:00Z,Argentina,Jordan,2.548181622990965,0.6115280182274889
8756200e539155e571557c4f2e0d7f05,2026-06-28T02:00:00Z,Austria,Algeria,1.37400474442714,1.0292101842587211
54697f453437ab26276d773be1d72e9b,2026-06-28T02:00:00Z,Jordan,Argentina,0.6115280182274889,2.548181622990965
