qualifying_groups_key,option_number,match_75,match_78,match_79,match_80,match_81,match_82,match_85,match_88
EFGHIJKL,1,3F,3G,3E,3K,3H,3I,3J,3L
DFGHIJKL,2,3D,3F,3H,3K,3J,3I,3G,3L
DEGHIJKL,3,3D,3G,3E,3K,3H,3I,3J,3L
DEFHIJKL,4,3D,3F,3E,3K,3H,3I,3J,3L
DEFGIJKL,5,3D,3F,3E,3K,3J,3I,3G,3L
DEFGHJKL,6,3D,3F,3E,3K,3H,3J,3G,3L
DEFGHIKL,7,3D,3F,3E,3K,3H,3I,3G,3L
DEFGHIJL,8,3D,3F,3E,3I,3H,3J,3G,3L
DEFGHIJK,9,3D,3F,3E,3K,3H,3J,3G,3I
CFGHIJKL,10,3C,3F,3H,3K,3J,3I,3G,3L
CEGHIJKL,11,3C,3G,3E,3K,3H,3I,3J,3L
CEFHIJKL,12,3C,3F,3E,3K,3H,3I,3J,3L
CEFGIJKL,13,3C,3F,3E,3K,3J,3I,3G,3L
CEFGHJKL,14,3C,3F,3E,3K,3H,3J,3G,3L
CEFGHIKL,15,3C,3F,3E,3K,3H,3I,3G,3L
CEFGHIJL,16,3C,3F,3E,3I,3H,3J,3G,3L
CEFGHIJK,17,3C,3F,3E,3K,3H,3J,3G,3I
CDGHIJKL,18,3C,3D,3H,3K,3J,3I,3G,3L
CDFHIJKL,19,3D,3F,3C,3K,3H,3I,3J,3L
CDFGIJKL,20,3D,3F,3C,3K,3J,3I,3G,3L
CDFGHJKL,21,3D,3F,3C,3K,3H,3J,3G,3L
CDFGHIKL,22,3D,3F,3C,3K,3H,3I,3G,3L
CDFGHIJL,23,3D,3F,3C,3I,3H,3J,3G,3L
CDFGHIJK,24,3D,3F,3C,3K,3H,3J,3G,3I
CDEHIJKL,25,3C,3D,3E,3K,3H,3I,3J,3L
CDEGIJKL,26,3C,3D,3E,3K,3J,3I,3G,3L
CDEGHJKL,27,3C,3D,3E,3K,3H,3J,3G,3L
CDEGHIKL,28,3C,3D,3E,3K,3H,3I,3G,3L
CDEGHIJL,29,3C,3D,3E,3I,3H,3J,3G,3L
CDEGHIJK,30,3C,3D,3E,3K,3H,3J,3G,3I
CDEFIJKL,31,3D,3F,3C,3K,3I,3E,3J,3L
CDEFHJKL,32,3D,3F,3C,3K,3H,3E,3J,3L
CDEFHIKL,33,3D,3F,3C,3K,3H,3I,3E,3L
CDEFHIJL,34,3D,3F,3C,3I,3H,3E,3J,3L
CDEFHIJK,35,3D,3F,3C,3K,3H,3E,3J,3I
CDEFGJKL,36,3D,3F,3C,3K,3J,3E,3G,3L
CDEFGIKL,37,3D,3F,3C,3K,3I,3E,3G,3L
CDEFGIJL,38,3D,3F,3C,3I,3J,3E,3G,3L
CDEFGIJK,39,3D,3F,3C,3K,3J,3E,3G,3I
CDEFGHKL,40,3D,3F,3C,3K,3H,3E,3G,3L
CDEFGHJL,41,3D,3F,3C,3E,3H,3J,3G,3L
CDEFGHJK,42,3D,3F,3C,3K,3H,3J,3G,3E
CDEFGHIL,43,3D,3F,3C,3I,3H,3E,3G,3L
CDEFGHIK,44,3D,3F,3C,3K,3H,3E,3G,3I
CDEFGHIJ,45,3D,3F,3C,3I,3H,3J,3G,3E
BFGHIJKL,46,3F,3G,3H,3K,3I,3B,3J,3L
BEGHIJKL,47,3B,3G,3E,3K,3H,3I,3J,3L
BEFHIJKL,48,3F,3H,3E,3K,3I,3B,3J,3L
BEFGIJKL,49,3F,3G,3E,3K,3I,3B,3J,3L
BEFGHJKL,50,3F,3G,3E,3K,3H,3B,3J,3L
BEFGHIKL,51,3F,3H,3E,3K,3I,3B,3G,3L
BEFGHIJL,52,3F,3G,3E,3I,3H,3B,3J,3L
BEFGHIJK,53,3F,3G,3E,3K,3H,3B,3J,3I
BDGHIJKL,54,3D,3G,3H,3K,3I,3B,3J,3L
BDFHIJKL,55,3D,3F,3H,3K,3I,3B,3J,3L
BDFGIJKL,56,3D,3F,3I,3K,3J,3B,3G,3L
BDFGHJKL,57,3D,3F,3H,3K,3J,3B,3G,3L
BDFGHIKL,58,3D,3F,3H,3K,3I,3B,3G,3L
BDFGHIJL,59,3D,3F,3H,3I,3J,3B,3G,3L
BDFGHIJK,60,3D,3F,3H,3K,3J,3B,3G,3I
BDEHIJKL,61,3D,3H,3E,3K,3I,3B,3J,3L
BDEGIJKL,62,3D,3G,3E,3K,3I,3B,3J,3L
BDEGHJKL,63,3D,3G,3E,3K,3H,3B,3J,3L
BDEGHIKL,64,3D,3H,3E,3K,3I,3B,3G,3L
BDEGHIJL,65,3D,3G,3E,3I,3H,3B,3J,3L
BDEGHIJK,66,3D,3G,3E,3K,3H,3B,3J,3I
BDEFIJKL,67,3D,3F,3E,3K,3I,3B,3J,3L
BDEFHJKL,68,3D,3F,3E,3K,3H,3B,3J,3L
BDEFHIKL,69,3D,3F,3E,3K,3H,3B,3I,3L
BDEFHIJL,70,3D,3F,3E,3I,3H,3B,3J,3L
BDEFHIJK,71,3D,3F,3E,3K,3H,3B,3J,3I
BDEFGJKL,72,3D,3F,3E,3K,3J,3B,3G,3L
BDEFGIKL,73,3D,3F,3E,3K,3I,3B,3G,3L
BDEFGIJL,74,3D,3F,3E,3I,3J,3B,3G,3L
BDEFGIJK,75,3D,3F,3E,3K,3J,3B,3G,3I
BDEFGHKL,76,3D,3F,3E,3K,3H,3B,3G,3L
BDEFGHJL,77,3D,3F,3H,3E,3J,3B,3G,3L
BDEFGHJK,78,3D,3F,3H,3K,3J,3B,3G,3E
BDEFGHIL,79,3D,3F,3E,3I,3H,3B,3G,3L
BDEFGHIK,80,3D,3F,3E,3K,3H,3B,3G,3I
BDEFGHIJ,81,3D,3F,3H,3I,3J,3B,3G,3E
BCGHIJKL,82,3C,3G,3H,3K,3I,3B,3J,3L
BCFHIJKL,83,3C,3F,3H,3K,3I,3B,3J,3L
BCFGIJKL,84,3C,3F,3I,3K,3J,3B,3G,3L
BCFGHJKL,85,3C,3F,3H,3K,3J,3B,3G,3L
BCFGHIKL,86,3C,3F,3H,3K,3I,3B,3G,3L
BCFGHIJL,87,3C,3F,3H,3I,3J,3B,3G,3L
BCFGHIJK,88,3C,3F,3H,3K,3J,3B,3G,3I
BCEHIJKL,89,3C,3H,3E,3K,3I,3B,3J,3L
BCEGIJKL,90,3C,3G,3E,3K,3I,3B,3J,3L
BCEGHJKL,91,3C,3G,3E,3K,3H,3B,3J,3L
BCEGHIKL,92,3C,3H,3E,3K,3I,3B,3G,3L
BCEGHIJL,93,3C,3G,3E,3I,3H,3B,3J,3L
BCEGHIJK,94,3C,3G,3E,3K,3H,3B,3J,3I
BCEFIJKL,95,3C,3F,3E,3K,3I,3B,3J,3L
BCEFHJKL,96,3C,3F,3E,3K,3H,3B,3J,3L
BCEFHIKL,97,3C,3F,3E,3K,3H,3B,3I,3L
BCEFHIJL,98,3C,3F,3E,3I,3H,3B,3J,3L
BCEFHIJK,99,3C,3F,3E,3K,3H,3B,3J,3I
BCEFGJKL,100,3C,3F,3E,3K,3J,3B,3G,3L
BCEFGIKL,101,3C,3F,3E,3K,3I,3B,3G,3L
BCEFGIJL,102,3C,3F,3E,3I,3J,3B,3G,3L
BCEFGIJK,103,3C,3F,3E,3K,3J,3B,3G,3I
BCEFGHKL,104,3C,3F,3E,3K,3H,3B,3G,3L
BCEFGHJL,105,3C,3F,3H,3E,3J,3B,3G,3L
BCEFGHJK,106,3C,3F,3H,3K,3J,3B,3G,3E
BCEFGHIL,107,3C,3F,3E,3I,3H,3B,3G,3L
BCEFGHIK,108,3C,3F,3E,3K,3H,3B,3G,3I
BCEFGHIJ,109,3C,3F,3H,3I,3J,3B,3G,3E
BCDHIJKL,110,3C,3D,3H,3K,3I,3B,3J,3L
BCDGIJKL,111,3C,3D,3I,3K,3J,3B,3G,3L
BCDGHJKL,112,3C,3D,3H,3K,3J,3B,3G,3L
BCDGHIKL,113,3C,3D,3H,3K,3I,3B,3G,3L
BCDGHIJL,114,3C,3D,3H,3I,3J,3B,3G,3L
BCDGHIJK,115,3C,3D,3H,3K,3J,3B,3G,3I
BCDFIJKL,116,3D,3F,3C,3K,3I,3B,3J,3L
BCDFHJKL,117,3D,3F,3C,3K,3H,3B,3J,3L
BCDFHIKL,118,3D,3F,3C,3K,3H,3B,3I,3L
BCDFHIJL,119,3D,3F,3C,3I,3H,3B,3J,3L
BCDFHIJK,120,3D,3F,3C,3K,3H,3B,3J,3I
BCDFGJKL,121,3D,3F,3C,3K,3J,3B,3G,3L
BCDFGIKL,122,3D,3F,3C,3K,3I,3B,3G,3L
BCDFGIJL,123,3D,3F,3C,3I,3J,3B,3G,3L
BCDFGIJK,124,3D,3F,3C,3K,3J,3B,3G,3I
BCDFGHKL,125,3D,3F,3C,3K,3H,3B,3G,3L
BCDFGHJL,126,3D,3F,3C,3J,3H,3B,3G,3L
BCDFGHJK,127,3C,3F,3H,3K,3J,3B,3G,3D
BCDFGHIL,128,3D,3F,3C,3I,3H,3B,3G,3L
BCDFGHIK,129,3D,3F,3C,3K,3H,3B,3G,3I
BCDFGHIJ,130,3C,3F,3H,3I,3J,3B,3G,3D
BCDEIJKL,131,3C,3D,3E,3K,3I,3B,3J,3L
BCDEHJKL,132,3C,3D,3E,3K,3H,3B,3J,3L
BCDEHIKL,133,3C,3D,3E,3K,3H,3B,3I,3L
BCDEHIJL,134,3C,3D,3E,3I,3H,3B,3J,3L
BCDEHIJK,135,3C,3D,3E,3K,3H,3B,3J,3I
BCDEGJKL,136,3C,3D,3E,3K,3J,3B,3G,3L
BCDEGIKL,137,3C,3D,3E,3K,3I,3B,3G,3L
BCDEGIJL,138,3C,3D,3E,3I,3J,3B,3G,3L
BCDEGIJK,139,3C,3D,3E,3K,3J,3B,3G,3I
BCDEGHKL,140,3C,3D,3E,3K,3H,3B,3G,3L
BCDEGHJL,141,3C,3D,3H,3E,3J,3B,3G,3L
BCDEGHJK,142,3C,3D,3H,3K,3J,3B,3G,3E
BCDEGHIL,143,3C,3D,3E,3I,3H,3B,3G,3L
BCDEGHIK,144,3C,3D,3E,3K,3H,3B,3G,3I
BCDEGHIJ,145,3C,3D,3H,3I,3J,3B,3G,3E
BCDEFJKL,146,3D,3F,3C,3K,3E,3B,3J,3L
BCDEFIKL,147,3D,3F,3C,3K,3I,3B,3E,3L
BCDEFIJL,148,3D,3F,3C,3I,3E,3B,3J,3L
BCDEFIJK,149,3D,3F,3C,3K,3E,3B,3J,3I
BCDEFHKL,150,3D,3F,3C,3K,3H,3B,3E,3L
BCDEFHJL,151,3D,3F,3C,3E,3H,3B,3J,3L
BCDEFHJK,152,3D,3F,3C,3K,3H,3B,3J,3E
BCDEFHIL,153,3D,3F,3C,3I,3H,3B,3E,3L
BCDEFHIK,154,3D,3F,3C,3K,3H,3B,3E,3I
BCDEFHIJ,155,3D,3F,3C,3I,3H,3B,3J,3E
BCDEFGKL,156,3D,3F,3C,3K,3E,3B,3G,3L
BCDEFGJL,157,3D,3F,3C,3E,3J,3B,3G,3L
BCDEFGJK,158,3D,3F,3C,3K,3J,3B,3G,3E
BCDEFGIL,159,3D,3F,3C,3I,3E,3B,3G,3L
BCDEFGIK,160,3D,3F,3C,3K,3E,3B,3G,3I
BCDEFGIJ,161,3D,3F,3C,3I,3J,3B,3G,3E
BCDEFGHL,162,3D,3F,3C,3E,3H,3B,3G,3L
BCDEFGHK,163,3D,3F,3C,3K,3H,3B,3G,3E
BCDEFGHJ,164,3C,3F,3H,3E,3J,3B,3G,3D
BCDEFGHI,165,3D,3F,3C,3I,3H,3B,3G,3E
AFGHIJKL,166,3F,3G,3H,3K,3A,3I,3J,3L
AEGHIJKL,167,3A,3G,3E,3K,3H,3I,3J,3L
AEFHIJKL,168,3F,3H,3E,3K,3A,3I,3J,3L
AEFGIJKL,169,3F,3G,3E,3K,3A,3I,3J,3L
AEFGHJKL,170,3F,3H,3E,3K,3A,3J,3G,3L
AEFGHIKL,171,3F,3H,3E,3K,3A,3I,3G,3L
AEFGHIJL,172,3F,3H,3E,3I,3A,3J,3G,3L
AEFGHIJK,173,3F,3H,3E,3K,3A,3J,3G,3I
ADGHIJKL,174,3D,3G,3H,3K,3A,3I,3J,3L
ADFHIJKL,175,3D,3F,3H,3K,3A,3I,3J,3L
ADFGIJKL,176,3D,3F,3I,3K,3A,3J,3G,3L
ADFGHJKL,177,3D,3F,3H,3K,3A,3J,3G,3L
ADFGHIKL,178,3D,3F,3H,3K,3A,3I,3G,3L
ADFGHIJL,179,3D,3F,3H,3I,3A,3J,3G,3L
ADFGHIJK,180,3D,3F,3H,3K,3A,3J,3G,3I
ADEHIJKL,181,3D,3H,3E,3K,3A,3I,3J,3L
ADEGIJKL,182,3D,3G,3E,3K,3A,3I,3J,3L
ADEGHJKL,183,3D,3H,3E,3K,3A,3J,3G,3L
ADEGHIKL,184,3D,3H,3E,3K,3A,3I,3G,3L
ADEGHIJL,185,3D,3H,3E,3I,3A,3J,3G,3L
ADEGHIJK,186,3D,3H,3E,3K,3A,3J,3G,3I
ADEFIJKL,187,3D,3F,3E,3K,3A,3I,3J,3L
ADEFHJKL,188,3D,3F,3H,3K,3A,3E,3J,3L
ADEFHIKL,189,3D,3F,3H,3K,3A,3I,3E,3L
ADEFHIJL,190,3D,3F,3H,3I,3A,3E,3J,3L
ADEFHIJK,191,3D,3F,3H,3K,3A,3E,3J,3I
ADEFGJKL,192,3D,3F,3E,3K,3A,3J,3G,3L
ADEFGIKL,193,3D,3F,3E,3K,3A,3I,3G,3L
ADEFGIJL,194,3D,3F,3E,3I,3A,3J,3G,3L
ADEFGIJK,195,3D,3F,3E,3K,3A,3J,3G,3I
ADEFGHKL,196,3D,3F,3H,3K,3A,3E,3G,3L
ADEFGHJL,197,3D,3F,3H,3E,3A,3J,3G,3L
ADEFGHJK,198,3D,3F,3H,3K,3A,3J,3G,3E
ADEFGHIL,199,3D,3F,3H,3I,3A,3E,3G,3L
ADEFGHIK,200,3D,3F,3H,3K,3A,3E,3G,3I
ADEFGHIJ,201,3D,3F,3H,3I,3A,3J,3G,3E
ACGHIJKL,202,3C,3G,3H,3K,3A,3I,3J,3L
ACFHIJKL,203,3C,3F,3H,3K,3A,3I,3J,3L
ACFGIJKL,204,3C,3F,3I,3K,3A,3J,3G,3L
ACFGHJKL,205,3C,3F,3H,3K,3A,3J,3G,3L
ACFGHIKL,206,3C,3F,3H,3K,3A,3I,3G,3L
ACFGHIJL,207,3C,3F,3H,3I,3A,3J,3G,3L
ACFGHIJK,208,3C,3F,3H,3K,3A,3J,3G,3I
ACEHIJKL,209,3C,3H,3E,3K,3A,3I,3J,3L
ACEGIJKL,210,3C,3G,3E,3K,3A,3I,3J,3L
ACEGHJKL,211,3C,3H,3E,3K,3A,3J,3G,3L
ACEGHIKL,212,3C,3H,3E,3K,3A,3I,3G,3L
ACEGHIJL,213,3C,3H,3E,3I,3A,3J,3G,3L
ACEGHIJK,214,3C,3H,3E,3K,3A,3J,3G,3I
ACEFIJKL,215,3C,3F,3E,3K,3A,3I,3J,3L
ACEFHJKL,216,3C,3F,3H,3K,3A,3E,3J,3L
ACEFHIKL,217,3C,3F,3H,3K,3A,3I,3E,3L
ACEFHIJL,218,3C,3F,3H,3I,3A,3E,3J,3L
ACEFHIJK,219,3C,3F,3H,3K,3A,3E,3J,3I
ACEFGJKL,220,3C,3F,3E,3K,3A,3J,3G,3L
ACEFGIKL,221,3C,3F,3E,3K,3A,3I,3G,3L
ACEFGIJL,222,3C,3F,3E,3I,3A,3J,3G,3L
ACEFGIJK,223,3C,3F,3E,3K,3A,3J,3G,3I
ACEFGHKL,224,3C,3F,3H,3K,3A,3E,3G,3L
ACEFGHJL,225,3C,3F,3H,3E,3A,3J,3G,3L
ACEFGHJK,226,3C,3F,3H,3K,3A,3J,3G,3E
ACEFGHIL,227,3C,3F,3H,3I,3A,3E,3G,3L
ACEFGHIK,228,3C,3F,3H,3K,3A,3E,3G,3I
ACEFGHIJ,229,3C,3F,3H,3I,3A,3J,3G,3E
ACDHIJKL,230,3C,3D,3H,3K,3A,3I,3J,3L
ACDGIJKL,231,3C,3D,3I,3K,3A,3J,3G,3L
ACDGHJKL,232,3C,3D,3H,3K,3A,3J,3G,3L
ACDGHIKL,233,3C,3D,3H,3K,3A,3I,3G,3L
ACDGHIJL,234,3C,3D,3H,3I,3A,3J,3G,3L
ACDGHIJK,235,3C,3D,3H,3K,3A,3J,3G,3I
ACDFIJKL,236,3D,3F,3C,3K,3A,3I,3J,3L
ACDFHJKL,237,3C,3D,3H,3K,3A,3F,3J,3L
ACDFHIKL,238,3C,3D,3H,3K,3A,3I,3F,3L
ACDFHIJL,239,3C,3D,3H,3I,3A,3F,3J,3L
ACDFHIJK,240,3C,3D,3H,3K,3A,3F,3J,3I
ACDFGJKL,241,3D,3F,3C,3K,3A,3J,3G,3L
ACDFGIKL,242,3D,3F,3C,3K,3A,3I,3G,3L
ACDFGIJL,243,3D,3F,3C,3I,3A,3J,3G,3L
ACDFGIJK,244,3D,3F,3C,3K,3A,3J,3G,3I
ACDFGHKL,245,3C,3D,3H,3K,3A,3F,3G,3L
ACDFGHJL,246,3D,3F,3C,3H,3A,3J,3G,3L
ACDFGHJK,247,3C,3F,3H,3K,3A,3J,3G,3D
ACDFGHIL,248,3C,3D,3H,3I,3A,3F,3G,3L
ACDFGHIK,249,3C,3D,3H,3K,3A,3F,3G,3I
ACDFGHIJ,250,3C,3F,3H,3I,3A,3J,3G,3D
ACDEIJKL,251,3C,3D,3E,3K,3A,3I,3J,3L
ACDEHJKL,252,3C,3D,3H,3K,3A,3E,3J,3L
ACDEHIKL,253,3C,3D,3H,3K,3A,3I,3E,3L
ACDEHIJL,254,3C,3D,3H,3I,3A,3E,3J,3L
ACDEHIJK,255,3C,3D,3H,3K,3A,3E,3J,3I
ACDEGJKL,256,3C,3D,3E,3K,3A,3J,3G,3L
ACDEGIKL,257,3C,3D,3E,3K,3A,3I,3G,3L
ACDEGIJL,258,3C,3D,3E,3I,3A,3J,3G,3L
ACDEGIJK,259,3C,3D,3E,3K,3A,3J,3G,3I
ACDEGHKL,260,3C,3D,3H,3K,3A,3E,3G,3L
ACDEGHJL,261,3C,3D,3H,3E,3A,3J,3G,3L
ACDEGHJK,262,3C,3D,3H,3K,3A,3J,3G,3E
ACDEGHIL,263,3C,3D,3H,3I,3A,3E,3G,3L
ACDEGHIK,264,3C,3D,3H,3K,3A,3E,3G,3I
ACDEGHIJ,265,3C,3D,3H,3I,3A,3J,3G,3E
ACDEFJKL,266,3D,3F,3C,3K,3A,3E,3J,3L
ACDEFIKL,267,3D,3F,3C,3K,3A,3I,3E,3L
ACDEFIJL,268,3D,3F,3C,3I,3A,3E,3J,3L
ACDEFIJK,269,3D,3F,3C,3K,3A,3E,3J,3I
ACDEFHKL,270,3C,3D,3H,3K,3A,3F,3E,3L
ACDEFHJL,271,3C,3D,3H,3E,3A,3F,3J,3L
ACDEFHJK,272,3C,3F,3H,3K,3A,3E,3J,3D
ACDEFHIL,273,3C,3D,3H,3I,3A,3F,3E,3L
ACDEFHIK,274,3C,3D,3H,3K,3A,3F,3E,3I
ACDEFHIJ,275,3C,3F,3H,3I,3A,3E,3J,3D
ACDEFGKL,276,3D,3F,3C,3K,3A,3E,3G,3L
ACDEFGJL,277,3D,3F,3C,3E,3A,3J,3G,3L
ACDEFGJK,278,3D,3F,3C,3K,3A,3J,3G,3E
ACDEFGIL,279,3D,3F,3C,3I,3A,3E,3G,3L
ACDEFGIK,280,3D,3F,3C,3K,3A,3E,3G,3I
ACDEFGIJ,281,3D,3F,3C,3I,3A,3J,3G,3E
ACDEFGHL,282,3C,3D,3H,3E,3A,3F,3G,3L
ACDEFGHK,283,3C,3F,3H,3K,3A,3E,3G,3D
ACDEFGHJ,284,3C,3F,3H,3E,3A,3J,3G,3D
ACDEFGHI,285,3C,3F,3H,3I,3A,3E,3G,3D
ABGHIJKL,286,3A,3G,3H,3K,3I,3B,3J,3L
ABFHIJKL,287,3A,3F,3H,3K,3I,3B,3J,3L
ABFGIJKL,288,3F,3G,3I,3K,3A,3B,3J,3L
ABFGHJKL,289,3F,3G,3H,3K,3A,3B,3J,3L
ABFGHIKL,290,3A,3F,3H,3K,3I,3B,3G,3L
ABFGHIJL,291,3F,3G,3H,3I,3A,3B,3J,3L
ABFGHIJK,292,3F,3G,3H,3K,3A,3B,3J,3I
ABEHIJKL,293,3A,3H,3E,3K,3I,3B,3J,3L
ABEGIJKL,294,3A,3G,3E,3K,3I,3B,3J,3L
ABEGHJKL,295,3A,3G,3E,3K,3H,3B,3J,3L
ABEGHIKL,296,3A,3H,3E,3K,3I,3B,3G,3L
ABEGHIJL,297,3A,3G,3E,3I,3H,3B,3J,3L
ABEGHIJK,298,3A,3G,3E,3K,3H,3B,3J,3I
ABEFIJKL,299,3A,3F,3E,3K,3I,3B,3J,3L
ABEFHJKL,300,3F,3H,3E,3K,3A,3B,3J,3L
ABEFHIKL,301,3F,3H,3E,3K,3A,3B,3I,3L
ABEFHIJL,302,3F,3H,3E,3I,3A,3B,3J,3L
ABEFHIJK,303,3F,3H,3E,3K,3A,3B,3J,3I
ABEFGJKL,304,3F,3G,3E,3K,3A,3B,3J,3L
ABEFGIKL,305,3A,3F,3E,3K,3I,3B,3G,3L
ABEFGIJL,306,3F,3G,3E,3I,3A,3B,3J,3L
ABEFGIJK,307,3F,3G,3E,3K,3A,3B,3J,3I
ABEFGHKL,308,3F,3H,3E,3K,3A,3B,3G,3L
ABEFGHJL,309,3F,3G,3H,3E,3A,3B,3J,3L
ABEFGHJK,310,3F,3G,3H,3K,3A,3B,3J,3E
ABEFGHIL,311,3F,3H,3E,3I,3A,3B,3G,3L
ABEFGHIK,312,3F,3H,3E,3K,3A,3B,3G,3I
ABEFGHIJ,313,3F,3G,3H,3I,3A,3B,3J,3E
ABDHIJKL,314,3D,3H,3I,3K,3A,3B,3J,3L
ABDGIJKL,315,3D,3G,3I,3K,3A,3B,3J,3L
ABDGHJKL,316,3D,3G,3H,3K,3A,3B,3J,3L
ABDGHIKL,317,3D,3H,3I,3K,3A,3B,3G,3L
ABDGHIJL,318,3D,3G,3H,3I,3A,3B,3J,3L
ABDGHIJK,319,3D,3G,3H,3K,3A,3B,3J,3I
ABDFIJKL,320,3D,3F,3I,3K,3A,3B,3J,3L
ABDFHJKL,321,3D,3F,3H,3K,3A,3B,3J,3L
ABDFHIKL,322,3D,3F,3H,3K,3A,3B,3I,3L
ABDFHIJL,323,3D,3F,3H,3I,3A,3B,3J,3L
ABDFHIJK,324,3D,3F,3H,3K,3A,3B,3J,3I
ABDFGJKL,325,3D,3G,3F,3K,3A,3B,3J,3L
ABDFGIKL,326,3D,3F,3I,3K,3A,3B,3G,3L
ABDFGIJL,327,3D,3G,3F,3I,3A,3B,3J,3L
ABDFGIJK,328,3D,3G,3F,3K,3A,3B,3J,3I
ABDFGHKL,329,3D,3F,3H,3K,3A,3B,3G,3L
ABDFGHJL,330,3D,3F,3H,3J,3A,3B,3G,3L
ABDFGHJK,331,3D,3F,3H,3K,3A,3B,3G,3J
ABDFGHIL,332,3D,3F,3H,3I,3A,3B,3G,3L
ABDFGHIK,333,3D,3F,3H,3K,3A,3B,3G,3I
ABDFGHIJ,334,3D,3F,3H,3J,3A,3B,3G,3I
ABDEIJKL,335,3A,3D,3E,3K,3I,3B,3J,3L
ABDEHJKL,336,3D,3H,3E,3K,3A,3B,3J,3L
ABDEHIKL,337,3D,3H,3E,3K,3A,3B,3I,3L
ABDEHIJL,338,3D,3H,3E,3I,3A,3B,3J,3L
ABDEHIJK,339,3D,3H,3E,3K,3A,3B,3J,3I
ABDEGJKL,340,3D,3G,3E,3K,3A,3B,3J,3L
ABDEGIKL,341,3A,3D,3E,3K,3I,3B,3G,3L
ABDEGIJL,342,3D,3G,3E,3I,3A,3B,3J,3L
ABDEGIJK,343,3D,3G,3E,3K,3A,3B,3J,3I
ABDEGHKL,344,3D,3H,3E,3K,3A,3B,3G,3L
ABDEGHJL,345,3D,3G,3H,3E,3A,3B,3J,3L
ABDEGHJK,346,3D,3G,3H,3K,3A,3B,3J,3E
ABDEGHIL,347,3D,3H,3E,3I,3A,3B,3G,3L
ABDEGHIK,348,3D,3H,3E,3K,3A,3B,3G,3I
ABDEGHIJ,349,3D,3G,3H,3I,3A,3B,3J,3E
ABDEFJKL,350,3D,3F,3E,3K,3A,3B,3J,3L
ABDEFIKL,351,3D,3F,3E,3K,3A,3B,3I,3L
ABDEFIJL,352,3D,3F,3E,3I,3A,3B,3J,3L
ABDEFIJK,353,3D,3F,3E,3K,3A,3B,3J,3I
ABDEFHKL,354,3D,3F,3H,3K,3A,3B,3E,3L
ABDEFHJL,355,3D,3F,3H,3E,3A,3B,3J,3L
ABDEFHJK,356,3D,3F,3H,3K,3A,3B,3J,3E
ABDEFHIL,357,3D,3F,3H,3I,3A,3B,3E,3L
ABDEFHIK,358,3D,3F,3H,3K,3A,3B,3E,3I
ABDEFHIJ,359,3D,3F,3H,3I,3A,3B,3J,3E
ABDEFGKL,360,3D,3F,3E,3K,3A,3B,3G,3L
ABDEFGJL,361,3D,3F,3E,3J,3A,3B,3G,3L
ABDEFGJK,362,3D,3F,3E,3K,3A,3B,3G,3J
ABDEFGIL,363,3D,3F,3E,3I,3A,3B,3G,3L
ABDEFGIK,364,3D,3F,3E,3K,3A,3B,3G,3I
ABDEFGIJ,365,3D,3F,3E,3J,3A,3B,3G,3I
ABDEFGHL,366,3D,3F,3H,3E,3A,3B,3G,3L
ABDEFGHK,367,3D,3F,3H,3K,3A,3B,3G,3E
ABDEFGHJ,368,3D,3F,3H,3J,3A,3B,3G,3E
ABDEFGHI,369,3D,3F,3H,3I,3A,3B,3G,3E
ABCHIJKL,370,3C,3H,3I,3K,3A,3B,3J,3L
ABCGIJKL,371,3C,3G,3I,3K,3A,3B,3J,3L
ABCGHJKL,372,3C,3G,3H,3K,3A,3B,3J,3L
ABCGHIKL,373,3C,3H,3I,3K,3A,3B,3G,3L
ABCGHIJL,374,3C,3G,3H,3I,3A,3B,3J,3L
ABCGHIJK,375,3C,3G,3H,3K,3A,3B,3J,3I
ABCFIJKL,376,3C,3F,3I,3K,3A,3B,3J,3L
ABCFHJKL,377,3C,3F,3H,3K,3A,3B,3J,3L
ABCFHIKL,378,3C,3F,3H,3K,3A,3B,3I,3L
ABCFHIJL,379,3C,3F,3H,3I,3A,3B,3J,3L
ABCFHIJK,380,3C,3F,3H,3K,3A,3B,3J,3I
ABCFGJKL,381,3F,3G,3C,3K,3A,3B,3J,3L
ABCFGIKL,382,3C,3F,3I,3K,3A,3B,3G,3L
ABCFGIJL,383,3F,3G,3C,3I,3A,3B,3J,3L
ABCFGIJK,384,3F,3G,3C,3K,3A,3B,3J,3I
ABCFGHKL,385,3C,3F,3H,3K,3A,3B,3G,3L
ABCFGHJL,386,3C,3F,3H,3J,3A,3B,3G,3L
ABCFGHJK,387,3C,3F,3H,3K,3A,3B,3G,3J
ABCFGHIL,388,3C,3F,3H,3I,3A,3B,3G,3L
ABCFGHIK,389,3C,3F,3H,3K,3A,3B,3G,3I
ABCFGHIJ,390,3C,3F,3H,3J,3A,3B,3G,3I
ABCEIJKL,391,3A,3C,3E,3K,3I,3B,3J,3L
ABCEHJKL,392,3C,3H,3E,3K,3A,3B,3J,3L
ABCEHIKL,393,3C,3H,3E,3K,3A,3B,3I,3L
ABCEHIJL,394,3C,3H,3E,3I,3A,3B,3J,3L
ABCEHIJK,395,3C,3H,3E,3K,3A,3B,3J,3I
ABCEGJKL,396,3C,3G,3E,3K,3A,3B,3J,3L
ABCEGIKL,397,3A,3C,3E,3K,3I,3B,3G,3L
ABCEGIJL,398,3C,3G,3E,3I,3A,3B,3J,3L
ABCEGIJK,399,3C,3G,3E,3K,3A,3B,3J,3I
ABCEGHKL,400,3C,3H,3E,3K,3A,3B,3G,3L
ABCEGHJL,401,3C,3G,3H,3E,3A,3B,3J,3L
ABCEGHJK,402,3C,3G,3H,3K,3A,3B,3J,3E
ABCEGHIL,403,3C,3H,3E,3I,3A,3B,3G,3L
ABCEGHIK,404,3C,3H,3E,3K,3A,3B,3G,3I
ABCEGHIJ,405,3C,3G,3H,3I,3A,3B,3J,3E
ABCEFJKL,406,3C,3F,3E,3K,3A,3B,3J,3L
ABCEFIKL,407,3C,3F,3E,3K,3A,3B,3I,3L
ABCEFIJL,408,3C,3F,3E,3I,3A,3B,3J,3L
ABCEFIJK,409,3C,3F,3E,3K,3A,3B,3J,3I
ABCEFHKL,410,3C,3F,3H,3K,3A,3B,3E,3L
ABCEFHJL,411,3C,3F,3H,3E,3A,3B,3J,3L
ABCEFHJK,412,3C,3F,3H,3K,3A,3B,3J,3E
ABCEFHIL,413,3C,3F,3H,3I,3A,3B,3E,3L
ABCEFHIK,414,3C,3F,3H,3K,3A,3B,3E,3I
ABCEFHIJ,415,3C,3F,3H,3I,3A,3B,3J,3E
ABCEFGKL,416,3C,3F,3E,3K,3A,3B,3G,3L
ABCEFGJL,417,3C,3F,3E,3J,3A,3B,3G,3L
ABCEFGJK,418,3C,3F,3E,3K,3A,3B,3G,3J
ABCEFGIL,419,3C,3F,3E,3I,3A,3B,3G,3L
ABCEFGIK,420,3C,3F,3E,3K,3A,3B,3G,3I
ABCEFGIJ,421,3C,3F,3E,3J,3A,3B,3G,3I
ABCEFGHL,422,3C,3F,3H,3E,3A,3B,3G,3L
ABCEFGHK,423,3C,3F,3H,3K,3A,3B,3G,3E
ABCEFGHJ,424,3C,3F,3H,3J,3A,3B,3G,3E
ABCEFGHI,425,3C,3F,3H,3I,3A,3B,3G,3E
ABCDIJKL,426,3C,3D,3I,3K,3A,3B,3J,3L
ABCDHJKL,427,3C,3D,3H,3K,3A,3B,3J,3L
ABCDHIKL,428,3C,3D,3H,3K,3A,3B,3I,3L
ABCDHIJL,429,3C,3D,3H,3I,3A,3B,3J,3L
ABCDHIJK,430,3C,3D,3H,3K,3A,3B,3J,3I
ABCDGJKL,431,3D,3G,3C,3K,3A,3B,3J,3L
ABCDGIKL,432,3C,3D,3I,3K,3A,3B,3G,3L
ABCDGIJL,433,3D,3G,3C,3I,3A,3B,3J,3L
ABCDGIJK,434,3D,3G,3C,3K,3A,3B,3J,3I
ABCDGHKL,435,3C,3D,3H,3K,3A,3B,3G,3L
ABCDGHJL,436,3C,3D,3H,3J,3A,3B,3G,3L
ABCDGHJK,437,3C,3D,3H,3K,3A,3B,3G,3J
ABCDGHIL,438,3C,3D,3H,3I,3A,3B,3G,3L
ABCDGHIK,439,3C,3D,3H,3K,3A,3B,3G,3I
ABCDGHIJ,440,3C,3D,3H,3J,3A,3B,3G,3I
ABCDFJKL,441,3D,3F,3C,3K,3A,3B,3J,3L
ABCDFIKL,442,3D,3F,3C,3K,3A,3B,3I,3L
ABCDFIJL,443,3D,3F,3C,3I,3A,3B,3J,3L
ABCDFIJK,444,3D,3F,3C,3K,3A,3B,3J,3I
ABCDFHKL,445,3C,3D,3H,3K,3A,3B,3F,3L
ABCDFHJL,446,3D,3F,3C,3H,3A,3B,3J,3L
ABCDFHJK,447,3C,3F,3H,3K,3A,3B,3J,3D
ABCDFHIL,448,3C,3D,3H,3I,3A,3B,3F,3L
ABCDFHIK,449,3C,3D,3H,3K,3A,3B,3F,3I
ABCDFHIJ,450,3C,3F,3H,3I,3A,3B,3J,3D
ABCDFGKL,451,3D,3F,3C,3K,3A,3B,3G,3L
ABCDFGJL,452,3D,3F,3C,3J,3A,3B,3G,3L
ABCDFGJK,453,3D,3F,3C,3K,3A,3B,3G,3J
ABCDFGIL,454,3D,3F,3C,3I,3A,3B,3G,3L
ABCDFGIK,455,3D,3F,3C,3K,3A,3B,3G,3I
ABCDFGIJ,456,3D,3F,3C,3J,3A,3B,3G,3I
ABCDFGHL,457,3D,3F,3C,3H,3A,3B,3G,3L
ABCDFGHK,458,3C,3F,3H,3K,3A,3B,3G,3D
ABCDFGHJ,459,3C,3F,3H,3J,3A,3B,3G,3D
ABCDFGHI,460,3C,3F,3H,3I,3A,3B,3G,3D
ABCDEJKL,461,3C,3D,3E,3K,3A,3B,3J,3L
ABCDEIKL,462,3C,3D,3E,3K,3A,3B,3I,3L
ABCDEIJL,463,3C,3D,3E,3I,3A,3B,3J,3L
ABCDEIJK,464,3C,3D,3E,3K,3A,3B,3J,3I
ABCDEHKL,465,3C,3D,3H,3K,3A,3B,3E,3L
ABCDEHJL,466,3C,3D,3H,3E,3A,3B,3J,3L
ABCDEHJK,467,3C,3D,3H,3K,3A,3B,3J,3E
ABCDEHIL,468,3C,3D,3H,3I,3A,3B,3E,3L
ABCDEHIK,469,3C,3D,3H,3K,3A,3B,3E,3I
ABCDEHIJ,470,3C,3D,3H,3I,3A,3B,3J,3E
ABCDEGKL,471,3C,3D,3E,3K,3A,3B,3G,3L
ABCDEGJL,472,3C,3D,3E,3J,3A,3B,3G,3L
ABCDEGJK,473,3C,3D,3E,3K,3A,3B,3G,3J
ABCDEGIL,474,3C,3D,3E,3I,3A,3B,3G,3L
ABCDEGIK,475,3C,3D,3E,3K,3A,3B,3G,3I
ABCDEGIJ,476,3C,3D,3E,3J,3A,3B,3G,3I
ABCDEGHL,477,3C,3D,3H,3E,3A,3B,3G,3L
ABCDEGHK,478,3C,3D,3H,3K,3A,3B,3G,3E
ABCDEGHJ,479,3C,3D,3H,3J,3A,3B,3G,3E
ABCDEGHI,480,3C,3D,3H,3I,3A,3B,3G,3E
ABCDEFKL,481,3D,3F,3C,3K,3A,3B,3E,3L
ABCDEFJL,482,3D,3F,3C,3E,3A,3B,3J,3L
ABCDEFJK,483,3D,3F,3C,3K,3A,3B,3J,3E
ABCDEFIL,484,3D,3F,3C,3I,3A,3B,3E,3L
ABCDEFIK,485,3D,3F,3C,3K,3A,3B,3E,3I
ABCDEFIJ,486,3D,3F,3C,3I,3A,3B,3J,3E
ABCDEFHL,487,3C,3D,3H,3E,3A,3B,3F,3L
ABCDEFHK,488,3C,3F,3H,3K,3A,3B,3E,3D
ABCDEFHJ,489,3C,3F,3H,3E,3A,3B,3J,3D
ABCDEFHI,490,3C,3F,3H,3I,3A,3B,3E,3D
ABCDEFGL,491,3D,3F,3C,3E,3A,3B,3G,3L
ABCDEFGK,492,3D,3F,3C,3K,3A,3B,3G,3E
ABCDEFGJ,493,3D,3F,3C,3J,3A,3B,3G,3E
ABCDEFGI,494,3D,3F,3C,3I,3A,3B,3G,3E
ABCDEFGH,495,3C,3F,3H,3E,3A,3B,3G,3D
